#Time since start in ms ,ACCELEROMETER X (m/së_),ACCELEROMETER Y (m/së_),ACCELEROMETER Z (m/së_)
0,3.6349,9.0571,-1.0526
19,3.6349,9.0571,-1.0526
40,3.542,9.0357,-0.9887
60,3.6187,9.0324,-1.0165
79,3.5711,9.0813,-1.0278
100,3.5711,9.0813,-1.0278
121,3.5711,9.0813,-1.0278
142,3.5367,9.1286,-0.9337
160,3.5367,9.1286,-0.9337
180,3.6426,9.1441,-0.9932
200,3.6426,9.1441,-0.9932
220,3.5375,9.1224,-0.8313
240,3.5375,9.1224,-0.8313
260,3.6189,9.094,-0.8837
280,3.4627,9.0165,-0.9644
311,3.4627,9.0165,-0.9644
320,3.4603,9.1229,-0.732
341,3.4603,9.1229,-0.732
360,3.4877,9.0552,-0.9155
380,3.4877,9.0552,-0.9155
399,3.5365,9.115,-0.9549
420,3.5225,9.1305,-0.9953
440,3.5225,9.1305,-0.9953
460,3.6143,9.0585,-1.0655
480,3.6143,9.0585,-1.0655
499,3.5987,8.9583,-1.0031
519,3.5987,8.9583,-1.0031
540,3.6311,9.0898,-1.026
560,3.6311,9.0898,-1.026
579,3.6311,9.0898,-1.026
599,3.6087,9.1239,-1.0116
620,3.5392,9.0159,-1.0273
640,3.5392,9.0159,-1.0273
659,3.5109,9.029,-0.9611
679,3.5109,9.029,-0.9611
700,3.5585,9.0718,-0.9408
720,3.5585,9.0718,-0.9408
739,3.6298,9.029,-1.0299
759,3.5507,8.9761,-1.0093
781,3.5507,8.9761,-1.0093
800,3.5507,8.9761,-1.0093
820,3.7224,9.099,-1.0411
839,3.7224,9.099,-1.0411
859,3.6706,9.0175,-0.9225
881,3.6706,9.0175,-0.9225
900,3.6293,9.0291,-0.8778
923,3.556,9.0896,-0.9065
939,3.556,9.0896,-0.9065
959,3.556,9.0896,-0.9065
980,3.6992,9.0308,-1.0534
1000,3.6992,9.0308,-1.0534
1019,3.5965,8.9921,-1.0197
1039,3.5965,8.9921,-1.0197
1060,3.7264,9.1867,-0.9754
1080,3.7264,9.1867,-0.9754
1099,3.844,9.0188,-0.6164
1119,3.844,9.0188,-0.6164
1139,4.1442,9.211,-0.5299
1159,4.1442,9.211,-0.5299
1180,3.8708,8.7655,-0.889
1200,3.8708,8.7655,-0.889
1219,3.7886,8.7042,-1.51
1241,3.7886,8.7042,-1.51
1260,3.7015,8.5904,-1.0602
1280,3.7015,8.5904,-1.0602
1299,3.7567,8.4806,-1.1715
1319,3.7567,8.4806,-1.1715
1339,3.9416,8.881,-1.3324
1360,3.9416,8.881,-1.3324
1380,3.8206,8.7793,-0.4538
1400,3.8206,8.7793,-0.4538
1419,3.0654,8.3563,-0.6937
1439,3.0654,8.3563,-0.6937
1460,2.5408,9.5192,-1.9654
1480,2.5408,9.5192,-1.9654
1500,1.8742,10.8992,-1.6769
1520,1.8742,10.8992,-1.6769
1540,2.3386,10.1103,-0.7877
1560,2.3386,10.1103,-0.7877
1709,2.5612,8.4659,-1.0018
1710,2.5612,8.4659,-1.0018
1710,2.5612,8.4659,-1.0018
1711,2.5612,8.4659,-1.0018
1711,2.5612,8.4659,-1.0018
1712,2.5612,8.4659,-1.0018
1712,2.5612,8.4659,-1.0018
1719,2.5612,8.4659,-1.0018
1739,2.1591,8.8809,-0.6289
1759,2.1591,8.8809,-0.6289
1786,2.4239,9.2026,-0.5949
1799,2.4239,9.2026,-0.5949
1820,2.8689,9.0524,-0.8822
1839,2.8689,9.0524,-0.8822
1859,2.5054,9.596,-2.6591
1880,2.5054,9.596,-2.6591
1900,2.8938,11.2441,-1.1355
1920,2.8938,11.2441,-1.1355
1941,2.3825,12.1616,-0.9205
1959,2.3825,12.1616,-0.9205
1980,2.4412,14.0839,-2.114
2000,2.4412,14.0839,-2.114
2020,2.7317,14.2438,0.4487
2040,2.7317,14.2438,0.4487
2060,4.1545,10.8597,0.7372
2079,4.1545,10.8597,0.7372
2100,4.1545,10.8597,0.7372
2119,4.4038,9.766,0.1037
2147,7.319,11.1206,-3.7451
2159,7.319,11.1206,-3.7451
2179,6.3722,10.8432,1.6058
2200,6.3722,10.8432,1.6058
2220,4.0285,10.9656,-0.5051
2241,4.0285,10.9656,-0.5051
2260,1.8769,8.1576,-0.4137
2280,1.8769,8.1576,-0.4137
2300,2.0551,4.9764,-1.5102
2319,2.0551,4.9764,-1.5102
2340,2.7531,2.314,0.0808
2360,2.7531,2.314,0.0808
2380,2.4215,2.3448,0.9273
2400,2.4215,2.3448,0.9273
2420,2.7549,3.8133,2.5669
2440,2.7549,3.8133,2.5669
2459,3.8469,6.5475,6.9178
2480,3.8469,6.5475,6.9178
2500,6.204,12.456,11.44
2520,6.204,12.456,11.44
2540,4.5032,10.4034,5.689
2560,4.5032,10.4034,5.689
2579,6.5612,9.8863,4.3928
2599,6.5612,9.8863,4.3928
2620,8.5032,15.1796,2.8257
2639,8.5032,15.1796,2.8257
2659,4.0142,4.3794,-3.1968
2679,4.0142,4.3794,-3.1968
2699,3.761,8.6461,-5.3003
2720,3.761,8.6461,-5.3003
2740,3.761,8.6461,-5.3003
2760,-0.959,13.8227,-3.4335
2780,-0.583,11.7687,-0.2301
2800,-0.583,11.7687,-0.2301
2820,4.4233,5.5217,0.3639
2840,4.4233,5.5217,0.3639
2859,3.7885,6.0177,0.412
2879,3.7885,6.0177,0.412
2899,3.7885,6.0177,0.412
2920,0.6381,8.0594,1.208
2940,0.2039,7.9745,-2.7318
2959,0.2039,7.9745,-2.7318
2979,1.7452,8.9743,0.0222
2999,1.7452,8.9743,0.0222
3020,0.8061,10.9838,3.1083
3040,0.8061,10.9838,3.1083
3060,0.8061,10.9838,3.1083
3080,3.3051,10.8563,-3.1281
3100,2.2111,12.4655,-0.9424
3120,2.2111,12.4655,-0.9424
3140,0.9394,14.6406,1.0062
3160,0.9394,14.6406,1.0062
3180,1.5567,14.2798,0.7247
3199,1.5567,14.2798,0.7247
3220,1.5567,14.2798,0.7247
3240,3.7626,11.4473,-0.8809
3260,8.3549,13.993,-4.8846
3280,8.3549,13.993,-4.8846
3299,6.0195,11.7461,0.604
3320,6.0195,11.7461,0.604
3342,4.5779,10.6694,1.4937
3360,4.5779,10.6694,1.4937
3380,4.5779,10.6694,1.4937
3400,1.018,8.5595,-5.1323
3420,1.7244,4.9315,-2.0728
3440,1.7244,4.9315,-2.0728
3460,2.6638,1.7011,-1.3233
3480,2.6638,1.7011,-1.3233
3500,2.5959,1.5691,-1.7526
3520,2.5959,1.5691,-1.7526
3540,2.5959,1.5691,-1.7526
3560,3.3852,3.4356,0.5658
3580,3.6077,7.1357,7.5113
3599,3.6077,7.1357,7.5113
3619,7.7688,16.0749,14.5853
3640,7.7688,16.0749,14.5853
3660,3.1162,7.6585,3.0863
3680,3.1162,7.6585,3.0863
3699,3.1162,7.6585,3.0863
3720,4.8301,13.0449,3.8644
3740,4.8301,13.0449,3.8644
3759,9.9908,14.8055,-1.6582
3780,2.2819,5.8497,-1.6289
3800,2.2819,5.8497,-1.6289
3819,2.8951,10.5499,-5.1626
3840,2.8951,10.5499,-5.1626
3859,2.8951,10.5499,-5.1626
3879,-1.3219,14.9339,-4.2553
3900,0.3279,10.0766,0.057
3920,0.3279,10.0766,0.057
3939,5.3612,4.423,1.5504
3959,5.3612,4.423,1.5504
3980,1.8304,6.4037,1.1459
3999,1.8304,6.4037,1.1459
4020,1.8304,6.4037,1.1459
4039,-0.3246,8.0454,-3.2758
4059,-0.6464,7.5797,-3.7291
4080,-0.6464,7.5797,-3.7291
4100,0.6031,10.763,3.446
4119,0.6031,10.763,3.446
4140,0.6041,11.4246,-1.0666
4159,0.6041,11.4246,-1.0666
4180,0.6041,11.4246,-1.0666
4200,1.719,10.8656,-2.5776
4219,1.719,10.8656,-2.5776
4240,1.8909,14.9264,2.1817
4260,1.6645,14.8625,0.292
4279,1.6645,14.8625,0.292
4300,2.9182,12.7289,-0.0151
4320,2.9182,12.7289,-0.0151
4339,2.9182,12.7289,-0.0151
4360,6.9202,13.5092,-3.7859
4380,6.9202,13.5092,-3.7859
4399,8.0019,13.2676,-2.5385
4419,3.925,11.4373,3.6771
4439,3.925,11.4373,3.6771
4459,0.518,11.0517,-3.0839
4479,0.518,11.0517,-3.0839
4499,0.518,11.0517,-3.0839
4520,1.2286,5.7682,-2.8143
4540,1.2286,5.7682,-2.8143
4560,1.6423,2.4207,-1.8802
4580,1.9274,1.5664,-1.7442
4599,1.9274,1.5664,-1.7442
4620,2.9482,2.3167,-0.7498
4639,2.9482,2.3167,-0.7498
4660,3.314,3.0139,1.1475
4680,3.314,3.0139,1.1475
4700,5.1433,6.9716,6.8223
4720,5.1433,6.9716,6.8223
4740,8.7137,15.8136,14.8837
4760,0.6342,9.5393,3.5301
4779,0.6342,9.5393,3.5301
4800,0.6342,9.5393,3.5301
4820,3.5654,12.1961,6.5209
4840,3.5654,12.1961,6.5209
4860,10.1748,13.6956,-4.4217
4880,10.1748,13.6956,-4.4217
4900,3.063,5.9714,0.6675
4920,1.2198,10.8748,-6.1158
4939,1.2198,10.8748,-6.1158
4960,1.2198,10.8748,-6.1158
4980,-1.8503,16.333,-3.2252
5000,-1.8503,16.333,-3.2252
5019,0.3364,10.3052,-0.3542
5040,0.3364,10.3052,-0.3542
5060,5.6072,5.3571,1.1808
5080,2.2681,6.3113,-0.1286
5100,2.2681,6.3113,-0.1286
5120,2.2681,6.3113,-0.1286
5140,0.7537,7.5534,-1.4794
5160,0.7537,7.5534,-1.4794
5180,-0.0898,6.3174,-3.7857
5200,-0.0898,6.3174,-3.7857
5220,1.1561,9.5568,1.5765
5239,1.1561,9.5568,1.5765
5259,0.4397,12.7353,2.5687
5279,0.4397,12.7353,2.5687
5300,1.2315,11.5034,-2.4073
5320,1.2315,11.5034,-2.4073
5340,1.3373,14.2299,2.1924
5360,1.3373,14.2299,2.1924
5380,1.2161,15.5965,0.0882
5399,3.44,12.1311,-0.1552
5419,3.44,12.1311,-0.1552
5440,3.44,12.1311,-0.1552
5460,6.4752,14.6627,-3.5617
5479,6.4752,14.6627,-3.5617
5499,7.1255,13.8825,-2.4178
5519,7.1255,13.8825,-2.4178
5539,4.1438,11.5036,1.6051
5559,4.1438,11.5036,1.6051
5580,1.0179,10.3172,-3.9319
5600,2.1205,7.6643,-2.6174
5627,2.1205,7.6643,-2.6174
5639,2.2406,3.6185,-2.4724
5660,2.2406,3.6185,-2.4724
5679,1.6901,2.1952,-1.4888
5700,1.6901,2.1952,-1.4888
5720,1.3003,2.6435,-1.9861
5739,1.3003,2.6435,-1.9861
5760,2.0044,3.3943,2.0868
5780,2.0044,3.3943,2.0868
5799,4.4612,7.6615,8.3257
5820,4.4612,7.6615,8.3257
5839,8.1047,15.4768,11.8559
5860,8.1047,15.4768,11.8559
5880,3.0519,8.5324,4.0075
5899,3.0519,8.5324,4.0075
5920,4.7388,13.1045,6.5322
5940,4.7388,13.1045,6.5322
5959,7.0311,15.2448,-3.8337
5980,7.0311,15.2448,-3.8337
6000,3.0163,5.2293,-0.5743
6023,3.0163,5.2293,-0.5743
6040,2.1692,9.9409,-6.0032
6060,-1.4188,11.8918,-4.2637
6080,-1.4188,11.8918,-4.2637
6099,-3.6042,14.5876,-3.152
6119,-3.6042,14.5876,-3.152
6139,3.0132,7.3923,1.1253
6159,3.0132,7.3923,1.1253
6180,5.6011,5.023,1.6975
6200,5.6011,5.023,1.6975
6219,5.6011,5.023,1.6975
6240,0.2683,8.593,0.2901
6260,-0.8662,7.6176,-2.8142
6280,-0.8662,7.6176,-2.8142
6300,0.8816,7.6116,-0.8657
6320,0.8816,7.6116,-0.8657
6340,0.7624,10.6213,1.752
6360,0.7624,10.6213,1.752
6381,1.3059,11.2554,-0.1616
6400,1.3059,11.2554,-0.1616
6420,0.9553,11.3856,-3.1364
6440,0.9553,11.3856,-3.1364
6459,0.5113,14.8725,1.7216
6479,0.5113,14.8725,1.7216
6499,0.6286,14.9038,-0.0718
6520,0.6286,14.9038,-0.0718
6539,0.6701,15.1637,-0.1548
6560,5.0192,12.0941,-2.7602
6580,5.0192,12.0941,-2.7602
6600,8.8542,13.7467,-2.5826
6620,8.8542,13.7467,-2.5826
6640,4.4117,12.4662,4.3551
6660,4.4117,12.4662,4.3551
6680,4.4117,12.4662,4.3551
6700,1.3663,12.7583,-5.3826
6720,1.1722,6.5323,-1.5639
6740,1.1722,6.5323,-1.5639
6760,1.151,3.5834,-3.1603
6780,1.151,3.5834,-3.1603
6800,1.6659,0.9683,-1.1532
6821,1.6659,0.9683,-1.1532
6840,1.6659,0.9683,-1.1532
6860,3.177,1.1685,-0.2699
6879,3.177,1.1685,-0.2699
6899,2.8941,4.1099,2.595
6919,6.2344,11.7028,12.6221
6940,6.2344,11.7028,12.6221
6960,7.6812,16.345,9.5594
6980,7.6812,16.345,9.5594
7000,2.7415,8.4037,3.094
7020,2.7415,8.4037,3.094
7040,3.3003,11.6384,4.3923
7060,9.6937,15.5015,-2.2768
7080,9.6937,15.5015,-2.2768
7100,0.3892,4.3517,-2.2979
7120,0.3892,4.3517,-2.2979
7140,0.3892,4.3517,-2.2979
7160,1.416,10.2409,-5.5545
7180,1.416,10.2409,-5.5545
7200,-3.5467,15.243,-5.5115
7220,-3.5467,15.243,-5.5115
7239,-0.5672,11.2972,1.3141
7259,5.9893,4.7487,2.1154
7280,5.9893,4.7487,2.1154
7300,5.9893,4.7487,2.1154
7320,2.5205,5.9043,1.4428
7339,2.5205,5.9043,1.4428
7359,-1.5993,8.6828,-2.992
7380,-1.5993,8.6828,-2.992
7400,-0.1274,8.1672,-0.87
7420,0.608,10.2652,2.0632
7440,0.608,10.2652,2.0632
7460,0.2746,10.655,2.2456
7480,0.2746,10.655,2.2456
7505,1.7025,11.271,-2.3159
7519,1.7025,11.271,-2.3159
7540,1.094,12.4461,-1.7491
7560,-0.1396,15.2685,1.8913
7579,-0.1396,15.2685,1.8913
7599,-0.1396,15.2685,1.8913
7620,0.2822,14.2476,-0.8132
7640,0.2822,14.2476,-0.8132
7660,3.334,11.788,-1.2045
7679,3.334,11.788,-1.2045
7699,8.6765,13.6538,-4.665
7719,8.6765,13.6538,-4.665
7740,5.0899,12.3629,1.7921
7760,5.0899,12.3629,1.7921
7780,2.8756,12.547,-0.7231
7800,2.8756,12.547,-0.7231
7820,0.4547,9.2551,-2.1467
7840,0.4547,9.2551,-2.1467
7860,1.4992,4.9058,-3.0231
7879,1.4992,4.9058,-3.0231
7900,1.5724,1.4993,-0.9421
7920,1.7262,0.695,-1.0874
7939,1.7262,0.695,-1.0874
7959,2.3323,1.8127,-0.4617
7979,2.3323,1.8127,-0.4617
7999,1.8144,4.2432,1.9415
8019,1.8144,4.2432,1.9415
8040,5.2605,10.8444,12.195
8059,5.2605,10.8444,12.195
8079,7.0376,20.2805,10.1743
8099,7.0376,20.2805,10.1743
8120,3.0681,4.607,1.3332
8140,3.0681,4.607,1.3332
8160,5.6179,17.6353,3.1343
8180,5.6179,17.6353,3.1343
8199,2.5224,8.7395,-4.2345
8219,2.5224,8.7395,-4.2345
8240,3.2417,8.0741,-2.6156
8260,3.2417,8.0741,-2.6156
8280,-2.323,12.1637,-4.3756
8300,-2.323,12.1637,-4.3756
8320,-3.1133,14.4126,-1.0553
8340,-3.1133,14.4126,-1.0553
8360,2.4631,7.7768,0.2844
8380,2.4631,7.7768,0.2844
8399,5.3391,6.761,-0.1299
8420,5.3391,6.761,-0.1299
8440,1.8567,6.3273,0.3542
8459,1.8567,6.3273,0.3542
8480,-0.5679,7.3282,-4.3025
8500,-0.5679,7.3282,-4.3025
8519,-0.0947,7.9027,-1.9946
8540,-0.0947,7.9027,-1.9946
8560,-0.116,9.8502,1.2668
8581,-0.6003,11.5136,2.9548
8600,-0.6003,11.5136,2.9548
8619,1.1637,10.4351,-3.16
8639,1.1637,10.4351,-3.16
8660,0.9552,13.6185,0.8515
8680,0.9552,13.6185,0.8515
8699,0.9552,13.6185,0.8515
8720,0.5152,14.8364,1.8941
8740,-0.1831,14.457,-1.6567
8759,-0.1831,14.457,-1.6567
8783,2.728,12.2828,-1.7638
8800,2.728,12.2828,-1.7638
8820,7.8936,14.5589,-3.555
8839,7.8936,14.5589,-3.555
8860,7.8936,14.5589,-3.555
8880,4.2351,12.3933,1.7463
8899,2.2002,11.7525,-1.2829
8920,2.2002,11.7525,-1.2829
8940,1.0731,8.46,-2.3436
8960,1.0731,8.46,-2.3436
8980,1.3717,4.8145,-2.4484
9000,1.3717,4.8145,-2.4484
9019,1.417,3.6449,-0.5252
9039,1.417,3.6449,-0.5252
9060,1.7249,1.5514,-1.2292
9080,2.3761,2.2952,-0.4784
9100,2.3761,2.2952,-0.4784
9120,3.1231,4.0898,4.0012
9140,3.1231,4.0898,4.0012
9159,3.1231,4.0898,4.0012
9180,6.61,12.7696,14.5086
9200,6.61,12.7696,14.5086
9219,3.8075,12.8681,6.8
9239,3.2675,8.4391,3.2017
9261,3.2675,8.4391,3.2017
9279,6.0887,19.4746,4.3217
9300,6.0887,19.4746,4.3217
9320,6.0887,19.4746,4.3217
9340,1.0663,5.3369,-5.3381
9360,1.0663,5.3369,-5.3381
9380,2.1242,9.5038,-3.9648
9399,-1.2088,13.1303,-3.5044
9419,-1.2088,13.1303,-3.5044
9440,-3.5186,13.631,-1.3466
9460,-3.5186,13.631,-1.3466
9480,-1.1486,10.1686,0.405
9499,-1.1486,10.1686,0.405
9520,4.1152,6.5224,0.3457
9540,4.1152,6.5224,0.3457
9560,2.3975,6.6311,1.3884
9580,0.6337,7.2436,-0.6055
9600,0.6337,7.2436,-0.6055
9620,0.6337,7.2436,-0.6055
9639,-0.9189,5.856,-4.9199
9659,-0.9189,5.856,-4.9199
9679,0.2676,10.5687,1.2826
9699,0.2676,10.5687,1.2826
9720,-1.3474,11.5856,3.5072
9740,1.1814,10.9417,-4.8369
9760,1.1814,10.9417,-4.8369
9780,1.1814,10.9417,-4.8369
9800,0.788,14.0091,0.3004
9819,0.788,14.0091,0.3004
9839,-0.0983,15.2304,0.9572
9860,-0.0983,15.2304,0.9572
9887,0.1063,15.1319,-0.6292
9899,4.0074,10.9401,-2.1283
9919,4.0074,10.9401,-2.1283
9939,6.6267,11.75,-6.0258
9960,6.6267,11.75,-6.0258
9980,7.0554,12.5702,0.3409
10000,7.0554,12.5702,0.3409
10019,4.7891,12.4566,3.7215
10039,4.7891,12.4566,3.7215
10060,0.2661,10.9088,-1.7408
10079,0.2661,10.9088,-1.7408
10099,0.467,6.6525,-3.2779
10120,0.467,6.6525,-3.2779
10140,1.0336,2.5302,-1.2626
10159,1.0336,2.5302,-1.2626
10180,2.4366,1.1609,-0.8302
10200,2.4366,1.1609,-0.8302
10220,2.1711,3.2484,1.0672
10240,2.1711,3.2484,1.0672
10260,2.3545,4.4238,3.4875
10287,2.3545,4.4238,3.4875
10300,6.8253,12.6561,12.8994
10319,6.8253,12.6561,12.8994
10339,4.6174,14.9713,8.3978
10360,4.6174,14.9713,8.3978
10380,3.5931,7.6472,1.5602
10400,5.7284,15.7059,4.9857
10420,5.7284,15.7059,4.9857
10440,6.9079,11.6444,-3.2726
10460,6.9079,11.6444,-3.2726
10479,2.055,5.5111,-0.2705
10499,2.055,5.5111,-0.2705
10520,0.1439,10.7151,-4.6805
10540,0.1439,10.7151,-4.6805
10561,-2.9029,15.6506,-4.3094
10580,-2.9029,15.6506,-4.3094
10599,-1.4882,11.5318,0.8418
10619,-1.4882,11.5318,0.8418
10639,4.369,5.9911,0.8869
10660,4.369,5.9911,0.8869
10680,1.93,7.3416,1.391
10700,1.93,7.3416,1.391
10720,-0.0476,7.6171,0.394
10740,-0.0476,7.6171,0.394
10759,-0.7269,5.9409,-5.2982
10779,-0.7269,5.9409,-5.2982
10799,0.7069,9.4387,0.9525
10820,0.7069,9.4387,0.9525
10840,-0.5076,12.0907,4.4335
10860,-0.5076,12.0907,4.4335
10879,-0.2082,11.8147,1.1283
10900,0.4882,12.544,-3.2408
10921,0.4882,12.544,-3.2408
10940,0.2397,15.4575,3.7384
10960,0.2397,15.4575,3.7384
10980,0.6393,15.1508,-0.8336
11000,0.6393,15.1508,-0.8336
11020,0.6393,15.1508,-0.8336
11041,2.3752,12.1414,-1.2323
11060,6.2656,14.6821,-3.376
11080,6.2656,14.6821,-3.376
11100,4.2626,12.834,-0.1102
11119,4.2626,12.834,-0.1102
11140,2.0553,12.3433,-1.8826
11160,2.0553,12.3433,-1.8826
11180,2.0553,12.3433,-1.8826
11202,0.5608,9.3285,-0.0217
11220,2.4478,5.2528,-1.5152
11241,2.4478,5.2528,-1.5152
11260,2.1759,2.0843,-0.4739
11280,2.1759,2.0843,-0.4739
11300,1.946,1.7415,-1.821
11320,1.946,1.7415,-1.821
11339,1.946,1.7415,-1.821
11359,2.3046,3.3898,0.6
11379,2.3046,3.3898,0.6
11400,4.0864,6.0564,5.0618
11420,6.7164,14.2954,13.7496
11440,6.7164,14.2954,13.7496
11460,3.043,12.7437,6.1927
11480,3.043,12.7437,6.1927
11499,1.8246,5.3873,1.9855
11519,1.8246,5.3873,1.9855
11539,4.8787,16.9264,4.8329
11560,4.3055,11.7291,-3.5424
11579,4.3055,11.7291,-3.5424
11599,2.9993,5.2493,-0.177
11620,2.9993,5.2493,-0.177
11640,2.9993,5.2493,-0.177
11660,-0.1292,9.395,-5.2578
11680,-0.1292,9.395,-5.2578
11700,-0.1292,9.395,-5.2578
11720,-4.484,14.9722,-1.6202
11740,1.6562,7.3275,1.0536
11760,1.6562,7.3275,1.0536
11780,4.3001,5.9269,1.7145
11799,4.3001,5.9269,1.7145
11819,1.7099,7.2889,1.5527
11839,1.7099,7.2889,1.5527
11860,-0.1132,7.6041,-2.6829
11880,-0.4601,6.7646,-3.0484
11900,-0.4601,6.7646,-3.0484
11920,0.134,11.0132,2.0109
11940,0.134,11.0132,2.0109
11960,-0.5882,12.2711,3.9537
11980,-0.5882,12.2711,3.9537
12000,0.4484,11.0963,-2.0954
12020,0.4484,11.0963,-2.0954
12040,0.1638,13.1843,-1.8248
12060,-0.2052,15.6739,2.1866
12079,-0.2052,15.6739,2.1866
12100,-0.2052,15.6739,2.1866
12120,0.0634,15.2578,-0.7891
12142,0.0634,15.2578,-0.7891
12160,1.9374,11.558,-1.6869
12180,1.9374,11.558,-1.6869
12200,5.8487,14.7068,-3.1593
12219,4.1273,11.6636,1.909
12241,4.1273,11.6636,1.909
12260,4.1273,11.6636,1.909
12280,1.435,11.2856,-2.2409
12300,1.435,11.2856,-2.2409
12320,0.1317,8.7448,-0.41
12340,0.1317,8.7448,-0.41
12361,0.3521,5.5809,-2.447
12379,1.4002,2.321,-0.5106
12399,1.4002,2.321,-0.5106
12419,1.7104,1.9826,-1.0268
12440,1.7104,1.9826,-1.0268
12460,2.6049,2.8903,-0.3001
12480,2.6049,2.8903,-0.3001
12500,2.5966,4.54,2.9281
12519,2.5966,4.54,2.9281
12539,4.955,10.2668,10.1868
12559,4.955,10.2668,10.1868
12579,5.7503,19.6615,10.6811
12600,5.7503,19.6615,10.6811
12620,2.6887,5.431,2.1958
12639,2.6887,5.431,2.1958
12659,4.3676,19.25,4.5061
12680,4.3676,19.25,4.5061
12700,0.6371,7.9092,-5.9832
12720,0.6371,7.9092,-5.9832
12740,2.6222,5.5422,0.4325
12760,2.6222,5.5422,0.4325
12780,-0.6813,10.8355,-4.8399
12800,-0.6813,10.8355,-4.8399
12820,-3.6546,15.7371,-4.2555
12839,-3.6546,15.7371,-4.2555
12859,0.287,9.3799,1.8661
12880,3.631,6.6327,1.2226
12900,3.631,6.6327,1.2226
12919,3.631,6.6327,1.2226
12940,2.9605,7.4903,1.068
12960,0.4285,7.9113,-0.4117
12979,0.4285,7.9113,-0.4117
13000,-0.6713,6.2817,-5.0016
13020,-0.6713,6.2817,-5.0016
13039,-0.6713,6.2817,-5.0016
13059,0.47,9.0642,-0.1933
13079,-0.3891,11.6083,4.6037
13100,-0.3891,11.6083,4.6037
13119,0.688,11.0062,-2.8599
13139,0.688,11.0062,-2.8599
13160,-0.9194,13.6101,-0.8296
13180,-0.9194,13.6101,-0.8296
13199,-0.9194,13.6101,-0.8296
13219,-0.7174,15.649,1.3586
13240,0.2133,14.5943,-1.3558
13260,0.2133,14.5943,-1.3558
13280,3.1132,11.0647,-1.0986
13300,3.1132,11.0647,-1.0986
13320,7.01,14.9021,-4.3723
13340,7.2365,14.3139,-1.5338
13408,7.2365,14.3139,-1.5338
13409,7.2365,14.3139,-1.5338
13410,7.2365,14.3139,-1.5338
13419,7.2365,14.3139,-1.5338
13439,7.2365,14.3139,-1.5338
13459,0.3726,6.6174,-2.2898
13480,0.3726,6.6174,-2.2898
13500,0.3726,6.6174,-2.2898
13520,0.6951,3.7284,-0.9492
13539,0.6951,3.7284,-0.9492
13559,1.5934,1.9864,-0.3634
13579,2.2542,2.8723,-0.1763
13599,2.2542,2.8723,-0.1763
13619,1.521,4.7465,2.0414
13640,1.521,4.7465,2.0414
13660,1.521,4.7465,2.0414
13680,4.8427,10.6644,11.9069
13700,4.8427,10.6644,11.9069
13720,7.1629,17.3581,9.7664
13739,3.4894,5.4901,1.7232
13759,3.4894,5.4901,1.7232
13780,4.282,16.2135,5.9316
13800,4.282,16.2135,5.9316
13820,4.1761,18.7127,2.0683
13840,4.1761,18.7127,2.0683
13860,0.332,5.3904,-4.4639
13879,1.3562,8.5283,-2.2534
13900,1.3562,8.5283,-2.2534
13919,-2.741,11.5986,-5.1646
13939,-2.741,11.5986,-5.1646
13961,-2.741,11.5986,-5.1646
13980,-5.0773,14.8647,-1.5744
14000,-5.0773,14.8647,-1.5744
14020,2.0798,7.9682,1.4522
14040,3.8522,6.6499,1.3874
14060,3.8522,6.6499,1.3874
14080,0.6605,6.9511,0.9144
14100,0.6605,6.9511,0.9144
14120,0.6605,6.9511,0.9144
14140,-0.7107,6.7653,-5.1104
14166,-0.7107,6.7653,-5.1104
14180,-0.3649,9.2357,-0.1359
14200,-0.3649,9.2357,-0.1359
14220,-1.2093,11.4247,4.6576
14240,1.2923,10.9615,-4.1458
14259,1.2923,10.9615,-4.1458
14279,1.2923,10.9615,-4.1458
14299,-0.4593,12.8569,-2.4454
14319,-0.4593,12.8569,-2.4454
14340,-1.1871,14.5322,2.1128
14359,-1.1871,14.5322,2.1128
14379,-1.4442,14.7943,-2.0388
14399,1.5705,12.2543,-0.8296
14420,1.5705,12.2543,-0.8296
14439,3.8699,11.0175,-1.5979
14459,3.8699,11.0175,-1.5979
14479,6.7815,13.3997,-3.9288
14499,6.7815,13.3997,-3.9288
14519,3.9108,12.7577,2.9502
14539,1.2104,12.2267,-1.6087
14560,1.2104,12.2267,-1.6087
14580,1.2104,12.2267,-1.6087
14599,0.243,9.4623,-1.2165
14620,0.243,9.4623,-1.2165
14640,0.8458,5.3543,-3.3965
14660,0.8458,5.3543,-3.3965
14680,1.098,1.8846,-0.5723
14700,1.098,1.8846,-0.5723
14719,2.4921,1.6063,-0.795
14739,2.4921,1.6063,-0.795
14760,2.4921,1.6063,-0.795
14780,2.3001,3.4383,0.8959
14800,2.8455,6.2471,6.0178
14820,2.8455,6.2471,6.0178
14840,7.8254,16.3204,12.4529
14860,7.8254,16.3204,12.4529
14879,2.3683,10.9509,5.8441
14900,1.5575,4.968,2.572
14919,1.5575,4.968,2.572
14939,2.774,12.5417,4.111
14959,2.774,12.5417,4.111
14979,6.5639,16.1269,-1.2717
14999,6.5639,16.1269,-1.2717
15019,0.5887,5.3511,0.553
15039,0.5887,5.3511,0.553
15059,0.5887,5.3511,0.553
15080,-0.1195,9.5032,-4.2462
15099,-0.1195,9.5032,-4.2462
15119,-2.7557,13.3989,-5.6679
15139,-2.7557,13.3989,-5.6679
15159,-0.1537,9.2096,0.9966
15180,-0.1537,9.2096,0.9966
15200,5.3871,6.6458,1.3786
15220,3.3079,6.6059,1.9232
15239,3.3079,6.6059,1.9232
15259,0.8853,6.4787,-1.9525
15280,0.8853,6.4787,-1.9525
15299,-1.6012,7.0696,-5.0756
15319,-1.6012,7.0696,-5.0756
15339,-0.5377,9.7216,1.2963
15359,-0.5377,9.7216,1.2963
15379,-1.6015,11.2078,3.2792
15399,-0.0866,11.0774,-0.1431
15419,-0.0866,11.0774,-0.1431
15440,-0.6656,11.8271,-2.5493
15460,-0.6656,11.8271,-2.5493
15480,-0.7674,13.5145,2.9825
15506,-0.7674,13.5145,2.9825
15520,-0.7674,13.5145,2.9825
15540,-1.4515,14.4718,-0.6132
15560,-0.2224,12.9319,-0.4744
15580,-0.2224,12.9319,-0.4744
15600,4.4259,13.5191,-2.4922
15620,4.4259,13.5191,-2.4922
15639,6.0105,14.3071,-1.1808
15659,6.0105,14.3071,-1.1808
15679,6.0105,14.3071,-1.1808
15699,3.2316,12.989,-0.5735
15719,-0.2434,11.5665,-0.8686
15739,-0.2434,11.5665,-0.8686
15760,-0.3196,8.7159,-1.6454
15780,-0.3196,8.7159,-1.6454
15800,0.9479,3.9774,-1.5097
15820,0.9479,3.9774,-1.5097
15839,1.697,2.03,-0.1041
15859,1.697,2.03,-0.1041
15879,2.1563,1.6489,-1.6787
15900,2.1949,3.2828,-0.1424
15920,2.1949,3.2828,-0.1424
15940,2.3108,4.6818,2.9785
15960,2.3108,4.6818,2.9785
15980,2.3108,4.6818,2.9785
16000,7.523,13.6055,14.6601
16020,7.523,13.6055,14.6601
16040,3.1818,16.1582,7.8902
16061,3.0817,4.8327,1.415
16080,3.0817,4.8327,1.415
16100,3.4239,18.6827,4.8566
16119,3.4239,18.6827,4.8566
16139,3.4239,18.6827,4.8566
16160,2.2066,7.7366,-4.6429
16179,2.2066,7.7366,-4.6429
16199,2.4353,6.0384,-0.172
16220,-1.9193,10.4502,-4.2719
16239,-1.9193,10.4502,-4.2719
16260,-5.2727,16.4441,-3.4529
16280,-5.2727,16.4441,-3.4529
16300,-4.7661,13.7473,-0.9711
16320,-4.7661,13.7473,-0.9711
16339,3.0416,6.8236,0.5833
16360,3.0416,6.8236,0.5833
16380,2.9362,6.9154,1.1388
16400,0.1356,8.2634,0.2888
16420,0.1356,8.2634,0.2888
16440,0.1356,8.2634,0.2888
16460,-1.2094,6.9774,-2.7838
16480,-1.2094,6.9774,-2.7838
16503,-0.6807,8.0116,-1.6224
16519,-0.6807,8.0116,-1.6224
16539,-1.8323,12.3275,3.848
16560,-1.1892,10.6669,-0.0858
16579,-1.1892,10.6669,-0.0858
16600,-1.1892,10.6669,-0.0858
16620,1.2011,11.6307,-4.4613
16640,1.2011,11.6307,-4.4613
16660,-1.5534,14.2725,1.5131
16680,-1.4145,13.9768,-0.2404
16700,-1.4145,13.9768,-0.2404
16720,-0.018,13.2824,0.5896
16739,-0.018,13.2824,0.5896
16760,2.1208,11.3493,0.6346
16780,2.1208,11.3493,0.6346
16800,5.3424,13.0984,-3.3827
16820,5.3424,13.0984,-3.3827
16840,4.6681,13.792,0.5924
16860,4.6681,13.792,0.5924
16880,0.2164,13.4439,-2.1373
16900,0.2164,13.4439,-2.1373
16920,0.0158,10.5194,0.7756
16940,0.0158,10.5194,0.7756
16960,0.0851,5.8508,-3.0287
16979,0.0851,5.8508,-3.0287
16999,1.7991,1.8788,-0.7708
17020,1.7991,1.8788,-0.7708
17040,2.1102,1.6802,-1.7461
17060,2.1102,1.6802,-1.7461
17080,2.1823,3.1786,0.3951
17100,2.1823,3.1786,0.3951
17120,3.1279,5.2638,4.5768
17140,3.1279,5.2638,4.5768
17160,6.4492,16.0908,14.4698
17179,6.4492,16.0908,14.4698
17199,1.7062,12.5356,6.5059
17220,1.7062,12.5356,6.5059
17240,3.0614,8.4072,3.4895
17259,3.0614,8.4072,3.4895
17279,3.8627,18.4166,3.0665
17300,3.8627,18.4166,3.0665
17321,2.2093,5.1666,-4.1268
17340,2.2093,5.1666,-4.1268
17360,2.8748,7.4701,-1.0261
17379,-0.2554,9.1868,-4.3743
17399,-0.2554,9.1868,-4.3743
17420,-5.2332,14.2669,-4.7424
17440,-5.2332,14.2669,-4.7424
17460,-3.3696,11.9653,0.3082
17479,-3.3696,11.9653,0.3082
17500,4.8057,6.2331,0.6221
17520,4.8057,6.2331,0.6221
17540,2.5585,7.8552,1.2905
17559,2.5585,7.8552,1.2905
17579,-0.584,8.3893,0.3475
17600,-0.584,8.3893,0.3475
17620,-1.0634,6.8545,-3.9621
17639,-1.0634,6.8545,-3.9621
17659,-0.0894,9.2599,-1.0954
17680,-0.0894,9.2599,-1.0954
17700,-1.8526,11.5415,5.9413
17720,-1.8526,11.5415,5.9413
17740,-0.903,11.1655,-2.2877
17760,-0.903,11.1655,-2.2877
17779,0.7588,12.0743,-3.3746
17799,0.7588,12.0743,-3.3746
17819,0.7588,12.0743,-3.3746
17840,0.7588,12.0743,-3.3746
17859,0.7588,12.0743,-3.3746
17880,0.7588,12.0743,-3.3746
17900,0.7588,12.0743,-3.3746
17919,0.7588,12.0743,-3.3746
17939,0.7588,12.0743,-3.3746
17960,0.7588,12.0743,-3.3746
17980,0.7588,12.0743,-3.3746
18000,0.7588,12.0743,-3.3746
18020,0.7588,12.0743,-3.3746
18040,0.7588,12.0743,-3.3746
18060,0.7588,12.0743,-3.3746
18079,0.7588,12.0743,-3.3746
18099,-0.2217,13.2338,0.8816
18120,-0.2217,13.2338,0.8816
18140,0.6974,4.7363,-0.9357
18160,0.6974,4.7363,-0.9357
18179,0.6974,4.7363,-0.9357
18200,1.5657,3.1137,-1.0995
18220,2.1007,3.0196,-0.7045
18240,2.1007,3.0196,-0.7045
18259,2.1291,4.2161,1.4007
18279,2.1291,4.2161,1.4007
18300,1.7269,7.8491,8.3546
18319,1.7269,7.8491,8.3546
18340,1.7269,7.8491,8.3546
18360,4.2304,17.1923,9.4829
18380,1.7583,8.6879,0.7315
18399,1.7583,8.6879,0.7315
18419,5.484,15.1735,2.4915
18440,5.484,15.1735,2.4915
18460,3.6064,16.7163,-4.7601
18479,3.6064,16.7163,-4.7601
18500,3.6064,16.7163,-4.7601
18520,1.1623,10.292,6.9996
18539,1.1623,10.292,6.9996
18559,-3.0162,6.8001,-7.5875
18580,-1.1676,9.4083,-5.3691
18600,-1.1676,9.4083,-5.3691
18620,0.8723,9.5296,5.8134
18639,0.8723,9.5296,5.8134
18660,0.8723,9.5296,5.8134
18680,1.5098,9.279,-2.3187
18700,0.916,9.2133,-0.7916
18719,0.916,9.2133,-0.7916
18740,-1.0244,10.4631,-1.2937
18760,-1.0244,10.4631,-1.2937
18779,-0.8572,10.0999,-1.5074
18800,-0.8572,10.0999,-1.5074
18820,0.2368,9.7537,-1.0303
18839,0.2368,9.7537,-1.0303
18861,1.5616,9.5961,-1.3181
18880,2.0726,9.2439,-1.6268
18899,2.0726,9.2439,-1.6268
18920,0.7354,9.4711,-1.6452
18940,0.7354,9.4711,-1.6452
18959,0.7354,9.4711,-1.6452
18980,0.3194,10.0992,-1.0516
19000,0.3194,10.0992,-1.0516
19019,0.7952,10.0959,-0.9218
19046,0.8374,9.9668,-0.7557
19060,0.8374,9.9668,-0.7557
19080,0.0343,10.4176,-0.5784
19099,0.0343,10.4176,-0.5784
19120,0.0343,10.4176,-0.5784
19140,0.0283,9.9243,-0.9489
19159,0.0283,9.9243,-0.9489
19180,0.7205,9.236,-1.7863
19199,0.8033,9.5058,-1.9042
19219,0.8033,9.5058,-1.9042
19241,0.8246,9.334,-1.285
19259,0.8246,9.334,-1.285
19280,0.8246,9.334,-1.285
19300,0.5691,9.3343,-1.6153
19319,0.5691,9.3343,-1.6153
19340,1.7862,8.9768,-1.2557
19360,1.7862,8.9768,-1.2557
19379,1.6129,9.8234,-1.2835
19400,1.0853,9.9281,-2.125
19420,1.0853,9.9281,-2.125
19439,1.0853,9.9281,-2.125
19460,-0.0247,9.5137,-1.6388
19480,-0.0247,9.5137,-1.6388
19499,0.0907,9.1857,-1.0705
19520,0.9243,9.7635,-1.2933
19541,0.9243,9.7635,-1.2933
19559,1.1752,9.8813,-2.0548
19580,1.1752,9.8813,-2.0548
19600,1.286,9.8712,-1.6712
19620,1.286,9.8712,-1.6712
19639,1.089,9.6258,-1.5216
19660,1.089,9.6258,-1.5216
19680,1.0544,9.5943,-1.5533
19700,1.0606,9.5466,-1.6951
19720,1.0606,9.5466,-1.6951
19739,1.1684,9.5982,-1.6597
19760,1.1684,9.5982,-1.6597
19780,1.2367,9.7101,-1.6183
19800,1.2367,9.7101,-1.6183
19820,1.1428,9.7667,-1.8067
19840,1.1428,9.7667,-1.8067
19859,1.5381,9.6258,-1.806
19880,1.3885,9.5693,-1.5812
19899,1.3885,9.5693,-1.5812
19919,1.3885,9.5693,-1.5812
19939,1.1007,9.6183,-1.5265
19960,1.1007,9.6183,-1.5265
19980,0.9512,9.5127,-1.633
20000,0.9512,9.5127,-1.633
20019,1.0878,9.6917,-1.5587
20039,1.0878,9.6917,-1.5587
20059,1.0715,9.621,-1.6687
20080,1.0715,9.621,-1.6687
20103,1.1329,9.5901,-1.6772
20120,1.1329,9.5901,-1.6772
20140,1.0326,9.704,-1.8072
20159,1.0326,9.704,-1.8072
20180,0.9305,9.5963,-1.6959
20200,1.0606,9.5481,-1.6663
20220,1.0606,9.5481,-1.6663
20239,1.0606,9.5481,-1.6663
20260,0.9649,9.7425,-1.6746
20280,0.9649,9.7425,-1.6746
20299,0.9403,9.6413,-1.5285
20319,0.9403,9.6413,-1.5285
20339,0.8758,9.6591,-1.5499
20360,0.8758,9.6591,-1.5499
20380,1.0504,9.6307,-1.5688
20400,1.0675,9.6055,-1.5416
20419,1.0675,9.6055,-1.5416
20439,0.9813,9.6011,-1.4482
20459,0.9813,9.6011,-1.4482
20479,0.9881,9.6555,-1.41
20500,0.9881,9.6555,-1.41
20520,0.9754,9.673,-1.5168
20540,0.9754,9.673,-1.5168
20560,0.9476,9.6041,-1.4617
20580,0.9476,9.6041,-1.4617
20600,0.9216,9.6834,-1.5114
20620,0.9216,9.6834,-1.5114
20640,1.0233,9.6357,-1.463
20660,1.0233,9.6357,-1.463
20680,0.9534,9.6324,-1.4757
20699,0.9534,9.6324,-1.4757
20719,0.9566,9.6921,-1.6789
20739,0.9566,9.6921,-1.6789
20759,0.995,9.5563,-1.6432
20779,0.995,9.5563,-1.6432
20800,0.9865,9.6056,-1.5888
20820,0.9865,9.6056,-1.5888
20840,0.9045,9.5782,-1.4603
20860,0.9045,9.5782,-1.4603
20879,0.9792,9.7087,-1.3771
20899,0.9792,9.7087,-1.3771
20919,0.9056,9.6484,-1.5474
20940,0.9056,9.6484,-1.5474
20960,0.9376,9.6129,-1.5134
20980,0.9376,9.6129,-1.5134
21000,0.9797,9.5902,-1.4921
21020,0.9797,9.5902,-1.4921
21041,0.9872,9.7107,-1.6918
21059,0.9872,9.7107,-1.6918
21079,0.9734,9.6122,-1.6326
21100,0.9734,9.6122,-1.6326
21119,0.9067,9.6137,-1.4881
21139,0.9067,9.6137,-1.4881
21160,0.9714,9.5639,-1.5481
21179,0.9714,9.5639,-1.5481
21199,0.9737,9.5725,-1.538
21220,0.9737,9.5725,-1.538
21240,0.8625,9.7063,-1.5525
21259,0.8625,9.7063,-1.5525
21280,0.9454,9.6069,-1.6028
21300,0.9454,9.6069,-1.6028
21319,1.0242,9.5601,-1.5954
21340,1.0242,9.5601,-1.5954
21360,0.9605,9.6423,-1.6305
21379,0.9605,9.6423,-1.6305
21402,0.9271,9.6169,-1.6489
21420,0.9271,9.6169,-1.6489
21440,0.9844,9.6814,-1.4971
21459,0.9844,9.6814,-1.4971
21480,1.0117,9.6823,-1.7311
21500,1.0117,9.6823,-1.7311